,X,exm355,exm615,exm1013,exm2182,exm3522
1,D1,T_T,C_C,C_C,G_G,C_C
2,D2,T_T,C_C,C_C,G_G,C_C
3,D3,T_T,C_C,C_C,G_G,?_?
4,D4,T_T,C_C,C_C,G_G,C_C
5,D5,T_T,C_C,C_C,G_G,C_C
6,D6,T_T,C_C,C_C,G_G,C_C
7,D7,T_T,C_C,C_C,G_G,C_C
8,D8,T_T,C_C,C_C,G_G,C_C
9,D9,T_T,C_C,C_C,G_G,C_C
10,D10,T_T,C_C,C_C,G_G,C_C
11,D11,T_T,C_C,C_C,G_G,C_C
12,D12,T_T,C_C,C_C,G_G,C_C
13,D13,T_T,C_C,C_C,G_G,C_C
14,D14,T_T,C_C,C_C,G_G,C_C
15,D15,T_T,C_C,C_C,G_G,C_C
16,D16,T_T,C_C,C_C,G_G,C_C
17,D17,T_T,C_C,C_C,G_G,C_C
18,D18,T_T,C_C,C_C,G_G,C_C
19,D19,T_T,C_C,C_C,G_G,C_C
20,D20,T_T,C_C,C_C,G_G,C_C
21,D21,T_T,C_C,C_C,G_G,C_C
22,D22,T_T,C_C,C_C,G_G,C_C
23,D23,T_T,C_C,C_C,G_G,C_C
24,D24,T_T,C_C,C_C,G_G,C_C
25,D25,T_T,C_C,C_C,G_G,C_C
26,D26,T_T,C_C,C_C,G_G,C_C
27,D27,T_T,C_C,C_C,G_G,C_C
28,D28,T_T,C_C,C_C,G_G,C_C
29,D29,T_T,C_C,C_C,G_G,C_C
30,D30,T_T,?_?,C_C,G_G,C_C
31,D31,T_T,C_C,C_C,G_G,C_C
32,D32,T_T,C_C,C_C,G_G,C_C
33,D33,T_T,C_C,C_C,G_G,C_C
34,D34,T_T,C_C,C_C,G_G,C_C
35,D35,T_T,?_?,C_C,G_G,C_C
36,D36,T_T,C_C,C_C,G_G,C_C
37,D37,T_T,C_C,C_C,G_G,C_C
38,D38,T_T,C_C,C_C,G_G,C_C
39,D39,T_T,C_C,C_T,G_G,C_C
40,D40,T_T,C_C,C_C,G_G,C_C
41,D41,T_T,C_C,C_C,G_G,C_C
42,D42,T_T,C_C,C_C,G_G,C_C
43,D43,T_T,C_C,C_C,G_G,C_C
44,D44,T_T,C_C,C_C,G_G,C_C
45,D45,T_T,C_C,C_C,G_G,C_C
46,D46,T_T,C_C,C_C,G_G,C_C
47,D47,T_T,C_C,C_C,G_G,C_C
48,D48,T_T,C_C,C_C,G_G,C_C
49,D49,T_T,C_C,C_C,G_G,C_C
50,D50,T_T,C_C,C_C,G_G,C_C
51,D51,T_T,C_C,C_C,G_G,C_C
52,D52,T_T,C_C,C_C,G_G,C_C
53,D53,T_T,C_C,C_C,G_G,C_C
54,D54,T_T,C_C,C_C,G_G,C_C
55,D55,T_T,C_C,C_C,G_G,C_C
56,D56,T_T,C_C,C_C,G_G,C_C
57,D57,T_T,C_C,C_C,G_G,C_C
58,D58,T_T,C_C,C_C,G_G,C_C
59,D59,T_T,C_C,C_C,G_G,C_C
60,D60,T_T,C_C,C_C,G_G,C_C
61,D61,T_T,C_C,C_C,G_G,C_C
62,D62,T_T,C_C,C_C,G_G,C_C
63,D63,T_T,C_C,C_C,G_G,C_C
64,D64,T_T,C_C,C_C,G_G,C_C
65,D65,T_T,C_C,C_C,G_G,C_C
66,D66,T_T,C_C,C_C,G_G,C_C
67,D67,T_T,C_C,C_C,G_G,C_C
68,D68,T_T,C_C,C_C,G_G,C_C
69,D69,T_T,C_C,C_C,G_G,C_C
70,D70,T_T,A_C,C_C,G_G,C_C
71,D71,T_T,C_C,C_C,G_G,C_C
72,D72,T_T,C_C,C_C,G_G,C_C
73,D73,T_T,C_C,C_C,G_G,C_C
74,D74,T_T,C_C,C_C,G_G,C_C
75,D75,T_T,C_C,C_C,G_G,C_C
76,D76,T_T,C_C,C_C,G_G,C_C
77,D77,T_T,C_C,C_C,G_G,C_C
78,D78,T_T,C_C,C_C,G_G,C_C
79,D79,T_T,C_C,C_C,G_G,C_C
80,D80,T_T,C_C,C_C,G_G,C_C
81,D81,T_T,C_C,C_C,G_G,C_C
82,D82,T_T,C_C,C_C,G_G,C_C
83,D83,T_T,C_C,C_C,G_G,C_C
84,D84,T_T,C_C,C_C,G_G,C_C
85,D85,T_T,C_C,C_C,G_G,C_C
86,D86,T_T,C_C,C_C,G_G,C_C
87,D87,T_T,C_C,C_C,G_G,C_C
88,D88,T_T,C_C,C_C,G_G,C_C
89,D89,T_T,C_C,C_C,G_G,C_C
90,D90,T_T,C_C,C_C,G_G,C_C
91,D91,T_T,C_C,C_C,G_G,C_C
92,D92,T_T,C_C,C_C,G_G,C_C
93,D93,T_T,C_C,C_C,G_G,C_C
94,D94,T_T,C_C,C_C,G_G,C_C
95,D95,T_T,C_C,C_C,?_?,C_C
96,D96,T_T,C_C,C_C,G_G,C_C
97,D97,T_T,C_C,C_C,G_G,C_C
98,D98,T_T,C_C,C_C,G_G,C_C
99,D99,T_T,C_C,C_C,G_G,C_C
100,D100,T_T,C_C,C_C,G_G,C_C
101,D101,T_T,C_C,C_C,G_G,C_C
102,D102,T_T,C_C,C_C,G_G,C_C
103,D103,T_T,C_C,C_C,G_G,C_C
104,D104,T_T,C_C,C_C,G_G,C_C
105,D105,T_T,C_C,C_C,G_G,C_C
106,D106,T_T,C_C,C_C,G_G,C_C
107,D107,T_T,C_C,C_C,G_G,C_C
108,D108,T_T,C_C,C_C,G_G,C_C
109,D109,T_T,C_C,C_C,G_G,C_C
110,D110,T_T,C_C,C_C,G_G,C_C
111,D111,T_T,C_C,C_C,G_G,C_C
112,D112,T_T,C_C,C_C,G_G,C_C
113,D113,T_T,C_C,C_C,G_G,C_C
114,D114,T_T,C_C,C_C,G_G,C_C
115,D115,T_T,C_C,C_C,C_G,C_C
116,D116,T_T,C_C,C_C,G_G,C_C
117,D117,T_T,C_C,C_C,?_?,C_C
118,D118,T_T,C_C,C_C,?_?,C_C
119,D119,T_T,C_C,C_C,G_G,C_C
120,D120,T_T,C_C,C_C,G_G,C_C
121,D121,T_T,C_C,C_C,G_G,C_C
122,D122,T_T,C_C,C_C,?_?,C_C
123,D123,T_T,C_C,C_C,?_?,C_C
124,D124,T_T,C_C,C_C,G_G,C_C
125,D125,T_T,C_C,C_C,G_G,C_C
126,D126,T_T,C_C,C_C,G_G,C_C
127,C1,T_T,C_C,C_C,G_G,C_C
128,C2,T_T,C_C,C_C,G_G,C_C
129,C3,T_T,C_C,C_C,G_G,C_C
130,C4,T_T,C_C,C_C,G_G,C_C
131,C5,T_T,C_C,C_C,G_G,C_C
132,C6,T_T,C_C,C_C,G_G,C_C
133,C7,T_T,C_C,C_C,G_G,C_C
134,C8,T_T,C_C,C_C,G_G,C_C
135,C9,T_T,C_C,C_C,G_G,C_C
136,C10,T_T,C_C,C_C,G_G,C_C
137,C11,T_T,C_C,C_C,G_G,C_C
138,C12,T_T,C_C,C_C,G_G,C_C
139,C13,T_T,C_C,C_C,G_G,C_C
140,C14,T_T,C_C,C_C,G_G,C_C
141,C15,T_T,C_C,C_C,G_G,C_C
142,C16,T_T,C_C,C_C,G_G,C_C
143,C17,T_T,C_C,C_C,G_G,C_C
144,C18,T_T,C_C,C_C,G_G,C_C
145,C19,T_T,C_C,C_C,G_G,C_C
146,C20,T_T,C_C,C_C,G_G,C_C
147,C21,T_T,C_C,C_C,G_G,C_C
148,C22,T_T,C_C,C_C,G_G,C_C
149,C23,T_T,C_C,C_C,G_G,C_C
150,C24,T_T,C_C,C_C,G_G,C_C
151,C25,T_T,C_C,C_C,G_G,C_C
152,C26,T_T,C_C,C_C,G_G,C_C
153,C27,T_T,C_C,C_C,G_G,C_C
154,C28,T_T,C_C,C_C,G_G,C_C
155,C29,T_T,C_C,C_C,G_G,C_C
156,C30,T_T,C_C,C_C,G_G,C_C
157,C31,T_T,C_C,C_C,G_G,C_C
158,C32,T_T,C_C,C_C,G_G,C_C
159,C33,T_T,C_C,C_C,G_G,C_C
160,C34,T_T,C_C,C_C,G_G,C_C
161,C35,T_T,C_C,C_C,G_G,C_C
162,C36,T_T,C_C,C_C,G_G,C_C
163,C37,T_T,C_C,C_C,G_G,C_C
164,C38,T_T,C_C,C_C,G_G,C_C
165,C39,T_T,C_C,C_C,G_G,C_C
166,C40,T_T,C_C,C_C,G_G,C_C
167,C41,T_T,C_C,C_C,G_G,C_G
168,C42,T_T,C_C,C_C,G_G,C_C
169,C43,T_T,C_C,C_C,G_G,C_C
170,C44,T_T,C_C,C_C,G_G,C_C
171,C45,T_T,C_C,C_C,G_G,C_C
172,C46,T_T,C_C,C_C,G_G,C_C
173,C47,T_T,C_C,C_C,G_G,C_C
174,C48,T_T,C_C,C_C,G_G,C_C
175,C49,T_T,C_C,C_C,G_G,C_C
176,C50,T_T,C_C,C_C,G_G,C_C
177,C51,T_T,C_C,C_C,G_G,C_C
178,C52,T_T,C_C,C_C,G_G,C_C
179,C53,T_T,C_C,C_C,G_G,C_C
180,C54,T_T,C_C,C_C,G_G,C_C
181,C55,T_T,C_C,C_C,G_G,C_C
182,C56,T_T,C_C,C_C,G_G,C_C
183,C57,T_T,C_C,C_C,G_G,C_C
184,C58,T_T,C_C,C_C,G_G,C_C
185,C59,T_T,C_C,C_C,G_G,C_C
186,C60,T_T,C_C,C_C,G_G,C_C
187,C61,T_T,C_C,C_C,G_G,C_C
188,C62,T_T,C_C,C_C,G_G,C_C
189,C63,T_T,C_C,C_C,G_G,C_C
190,C64,T_T,C_C,C_C,G_G,C_C
191,C65,T_T,C_C,C_C,G_G,C_C
192,C66,T_T,C_C,C_C,G_G,C_C
193,C67,T_T,C_C,C_C,G_G,C_C
194,C68,T_T,C_C,C_C,G_G,C_C
195,C69,T_T,C_C,C_C,G_G,C_C
196,C70,T_T,C_C,C_C,G_G,C_C
197,C71,T_T,C_C,C_C,G_G,C_C
198,C72,T_T,C_C,C_C,G_G,C_C
199,C73,T_T,C_C,C_C,G_G,C_C
200,C74,T_T,C_C,C_C,G_G,C_C
201,C75,T_T,C_C,C_T,G_G,C_C
202,C76,T_T,C_C,C_C,G_G,C_C
203,C77,T_T,C_C,C_C,G_G,C_C
204,C78,T_T,C_C,C_C,G_G,C_C
205,C79,T_T,C_C,C_C,G_G,C_C
206,C80,T_T,C_C,C_C,G_G,C_C
207,C81,T_T,C_C,C_C,G_G,C_C
208,C82,T_T,C_C,C_C,G_G,C_C
209,C83,T_T,C_C,C_C,G_G,C_C
210,C84,T_T,C_C,C_C,G_G,C_C
211,C85,T_T,C_C,C_C,G_G,C_C
212,C86,T_T,C_C,C_C,G_G,C_C
213,C87,T_T,C_C,C_C,G_G,C_C
214,C88,T_T,C_C,C_C,G_G,C_C
215,C89,T_T,C_C,C_C,G_G,C_C
216,C90,T_T,C_C,C_C,G_G,C_C
217,C91,T_T,C_C,C_C,G_G,C_C
218,C92,T_T,C_C,C_C,G_G,C_C
219,C93,T_T,C_C,C_C,G_G,C_C
220,C94,T_T,C_C,C_C,G_G,C_C
221,C95,T_T,C_C,C_C,G_G,C_C
222,C96,T_T,C_C,C_C,G_G,C_C
223,C97,T_T,C_C,C_C,G_G,C_C
224,C98,T_T,C_C,C_C,G_G,C_C
225,C99,T_T,C_C,C_C,G_G,C_C
226,C100,T_T,C_C,C_C,G_G,C_C
227,C101,T_T,?_?,C_C,G_G,C_C
228,C102,T_T,C_C,C_C,G_G,C_C
229,C103,T_T,C_C,C_C,G_G,C_C
230,C104,T_T,C_C,C_C,G_G,C_C
231,C105,T_T,C_C,C_C,G_G,C_C
232,C106,T_T,A_C,C_C,G_G,C_C
233,C107,T_T,C_C,C_C,G_G,C_C
234,C108,T_T,C_C,C_C,G_G,C_C
235,C109,T_T,C_C,C_C,G_G,C_C
236,C110,T_T,C_C,C_C,G_G,C_C
237,C111,T_T,C_C,C_C,G_G,C_C
238,C112,T_T,C_C,C_C,G_G,C_C
239,C113,T_T,C_C,C_C,G_G,C_C
240,C114,T_T,C_C,C_C,G_G,C_C
241,C115,T_T,A_C,C_C,?_?,C_C
242,C116,T_T,C_C,C_C,G_G,C_C
243,C117,T_T,C_C,C_C,G_G,C_C
244,C118,T_T,A_C,C_C,G_G,C_C
245,C119,T_T,C_C,C_C,G_G,C_C
246,C120,T_T,C_C,C_C,G_G,C_C
247,C121,T_T,C_C,C_C,G_G,C_C
248,C122,T_T,C_C,C_C,G_G,C_C
249,C123,T_T,C_C,C_C,G_G,C_C
250,C124,T_T,C_C,C_C,G_G,C_C
251,C125,T_T,C_C,C_C,G_G,C_C
252,C126,A_T,C_C,C_C,G_G,C_C
253,C127,T_T,C_C,C_C,G_G,C_C
254,C128,T_T,C_C,C_C,G_G,C_C
255,C129,T_T,C_C,C_C,G_G,C_C
256,C130,T_T,C_C,C_C,G_G,C_C
257,C131,T_T,C_C,C_C,C_G,C_C
258,C132,T_T,C_C,C_C,G_G,C_C
259,C133,T_T,C_C,C_C,G_G,C_C
260,C134,T_T,?_?,C_C,G_G,C_C
261,C135,T_T,C_C,C_C,G_G,C_C
262,C136,T_T,C_C,C_C,G_G,C_C
263,C137,T_T,C_C,C_C,G_G,?_?
264,C138,T_T,C_C,C_C,G_G,C_C
265,C139,T_T,C_C,C_C,G_G,C_C
266,C140,T_T,C_C,C_C,G_G,C_C
267,C141,T_T,C_C,C_C,G_G,C_C
268,C142,T_T,C_C,C_C,G_G,C_C
269,C143,T_T,C_C,C_C,G_G,C_C
270,C144,T_T,C_C,C_C,G_G,C_C
271,C145,T_T,C_C,C_C,G_G,C_C
272,C146,T_T,C_C,C_C,G_G,C_C
273,C147,T_T,C_C,C_C,G_G,C_C
274,C148,T_T,C_C,C_C,G_G,C_C
275,C149,T_T,C_C,C_C,G_G,C_C
276,C150,T_T,C_C,C_C,G_G,C_C
277,C151,T_T,C_C,C_C,G_G,C_C
278,C152,T_T,C_C,C_C,G_G,C_C
279,C153,T_T,C_C,C_C,G_G,C_C
280,C154,T_T,C_C,C_C,G_G,C_C
281,C155,T_T,C_C,C_C,G_G,C_C
282,C156,T_T,C_C,C_C,G_G,C_C
283,C157,T_T,C_C,C_C,G_G,C_C
284,C158,T_T,C_C,C_C,G_G,C_C
285,C159,T_T,C_C,C_C,G_G,C_C
286,C160,T_T,C_C,C_C,G_G,C_C
287,C161,T_T,C_C,C_C,G_G,C_C
288,C162,T_T,C_C,C_C,G_G,C_C
289,C163,T_T,C_C,C_C,G_G,C_C
290,C164,T_T,C_C,C_C,G_G,C_C
291,C165,T_T,C_C,C_C,G_G,C_C
292,C166,T_T,C_C,C_C,G_G,C_C
293,C167,T_T,C_C,C_C,G_G,C_C
294,C168,T_T,C_C,C_C,G_G,C_C
295,C169,T_T,C_C,C_C,G_G,C_C
296,C170,T_T,C_C,C_C,G_G,C_C
297,C171,T_T,C_C,C_C,G_G,C_C
298,C172,T_T,C_C,C_C,G_G,C_C
299,C173,T_T,C_C,C_C,G_G,C_C
300,C174,T_T,C_C,C_C,G_G,C_C
301,C175,T_T,C_C,C_C,G_G,C_C
302,C176,T_T,C_C,C_C,G_G,C_C
303,C177,T_T,C_C,C_C,G_G,C_C
304,C178,T_T,C_C,C_C,G_G,C_C
305,C179,T_T,C_C,C_C,G_G,C_C
306,C180,T_T,C_C,C_C,G_G,C_C
307,C181,T_T,C_C,C_C,G_G,C_C
308,C182,T_T,C_C,C_C,G_G,C_C
309,C183,T_T,C_C,C_C,G_G,C_C
310,C184,T_T,C_C,C_C,G_G,C_C
311,C185,T_T,C_C,C_C,G_G,C_C
312,C186,T_T,C_C,C_C,G_G,C_C
313,C187,T_T,C_C,C_C,G_G,C_C
314,C188,T_T,C_C,C_C,G_G,C_C
315,C189,T_T,C_C,C_C,G_G,C_C
316,C190,T_T,C_C,C_C,G_G,C_C
317,C191,T_T,C_C,C_C,G_G,C_C
318,C192,A_T,C_C,C_C,G_G,C_C
319,C193,T_T,C_C,C_C,G_G,C_C
320,C194,T_T,C_C,C_C,G_G,C_C
321,C195,T_T,C_C,C_C,G_G,C_C
322,C196,T_T,C_C,C_C,G_G,C_C
323,D127,T_T,C_C,C_C,G_G,C_C
324,D128,T_T,C_C,C_C,G_G,C_C
325,D129,T_T,C_C,C_C,G_G,C_C
326,D130,T_T,C_C,C_C,G_G,C_C
327,D131,T_T,C_C,C_C,G_G,C_C
328,D132,T_T,C_C,C_C,G_G,C_C
329,D133,T_T,C_C,C_C,G_G,C_C
330,D134,T_T,C_C,C_C,G_G,C_C
331,D135,T_T,C_C,C_C,G_G,C_C
332,D136,T_T,C_C,C_C,G_G,C_C
333,D137,T_T,C_C,C_C,G_G,C_C
334,D138,T_T,C_C,C_C,G_G,C_C
335,D139,T_T,C_C,C_C,G_G,C_C
336,D140,T_T,C_C,C_C,G_G,C_C
337,D141,T_T,C_C,C_C,G_G,C_C
338,D142,T_T,C_C,C_C,G_G,C_C
339,D143,T_T,C_C,C_C,G_G,C_C
340,D144,T_T,C_C,C_C,G_G,C_C
341,D145,T_T,C_C,C_C,G_G,C_C
342,D146,T_T,C_C,C_C,G_G,C_C
343,D147,T_T,C_C,C_C,G_G,C_C
344,D148,T_T,C_C,C_C,G_G,C_C
345,D149,T_T,C_C,C_C,G_G,C_C
346,D150,T_T,C_C,C_C,?_?,C_C
347,D151,T_T,C_C,C_C,G_G,C_C
348,D152,T_T,C_C,C_C,G_G,C_C
349,D153,T_T,?_?,C_C,?_?,C_C
350,D154,T_T,A_C,C_C,?_?,C_C
351,D155,T_T,C_C,C_C,G_G,C_C
352,D156,T_T,C_C,C_C,?_?,C_C
353,D157,T_T,C_C,C_C,?_?,C_C
354,D158,T_T,?_?,C_C,G_G,C_C
355,D159,T_T,?_?,C_C,G_G,C_C
356,D160,T_T,?_?,C_C,?_?,C_C
357,D161,T_T,?_?,C_C,G_G,C_C
358,D162,T_T,?_?,C_C,G_G,C_C
359,D163,T_T,C_C,C_C,G_G,C_C
360,D164,T_T,C_C,C_C,?_?,C_C
361,D165,T_T,A_C,C_C,G_G,C_C
362,D166,T_T,?_?,C_C,?_?,C_C
363,D167,T_T,?_?,C_C,G_G,C_C
364,D168,T_T,?_?,C_C,G_G,C_C
365,D169,T_T,C_C,C_C,G_G,C_C
366,D170,T_T,C_C,C_C,G_G,C_C
367,D171,T_T,C_C,C_C,?_?,C_C
368,D172,T_T,C_C,C_C,G_G,C_C
369,D173,T_T,C_C,C_C,G_G,C_C
370,D174,T_T,C_C,C_C,G_G,C_C
371,D175,T_T,C_C,C_C,G_G,C_C
372,D176,T_T,C_C,C_C,G_G,C_C
373,D177,T_T,?_?,C_C,?_?,C_C
374,D178,T_T,C_C,C_C,G_G,C_C
375,D179,T_T,C_C,C_C,G_G,C_C
376,D180,T_T,C_C,C_C,G_G,C_C
377,D181,T_T,C_C,C_C,G_G,C_C
378,D182,T_T,C_C,C_C,G_G,C_C
379,D183,T_T,C_C,C_C,G_G,C_C
380,D184,T_T,?_?,C_C,G_G,C_C
381,D185,T_T,C_C,C_C,G_G,C_C
382,D186,T_T,C_C,C_C,G_G,C_C
383,D187,T_T,C_C,C_C,G_G,C_C
384,D188,T_T,?_?,C_C,?_?,C_C
385,D189,T_T,C_C,C_C,G_G,C_C
386,D190,T_T,C_C,C_C,G_G,C_C
387,D191,T_T,C_C,C_C,G_G,C_C
388,D192,T_T,C_C,C_C,G_G,C_C
389,D193,T_T,C_C,C_C,G_G,C_C
390,D194,T_T,C_C,C_C,G_G,C_C
391,D195,T_T,?_?,C_C,G_G,C_C
392,D196,T_T,C_C,C_C,G_G,C_C
393,D197,T_T,C_C,C_C,G_G,C_C
394,D198,T_T,C_C,C_C,G_G,C_C
395,D199,T_T,C_C,C_C,G_G,C_C
396,D200,T_T,C_C,C_C,G_G,C_C
397,D201,T_T,C_C,C_C,G_G,C_C
398,D202,T_T,C_C,C_C,G_G,C_C
399,D203,T_T,C_C,C_C,G_G,C_C
